<instance format="XCSP3" type="CSP">
  <variables>
    <array id="x" note="x[i] is the target node to which the ith pattern node is mapped" size="[270]"> 0..299 </array>
  </variables>
  <constraints>
    <allDifferent note="ensuring injectivity"> x[] </allDifferent>
    <group note="preserving edges">
      <extension>
        <list> %0 %1 </list>
        <supports> (0,3)(3,0) </supports>
      </extension>
      <args> x[0] x[2] </args>
      <args> x[1] x[7] </args>
    </group>
    <group class="redundant-constraints">
      <extension>
        <list> %0 </list>
        <conflicts> 1 2 4..299 </conflicts>
      </extension>
      <args> x[0] </args>
      <args> x[1] </args>
      <args> x[2] </args>
      <args> x[7] </args>
    </group>
  </constraints>
</instance>
