<instance format="XCSP3" type="CSP">
  <variables>
    <array id="x" note="x[i] is the target node to which the ith pattern node is mapped" size="[540]"> 0..599 </array>
  </variables>
  <constraints>
    <allDifferent note="ensuring injectivity"> x[] </allDifferent>
    <group note="preserving edges">
      <extension>
        <list> %0 %1 </list>
        <supports> (0,6)(6,0) </supports>
      </extension>
      <args> x[0] x[5] </args>
      <args> x[1] x[4] </args>
    </group>
    <group class="redundant-constraints">
      <extension>
        <list> %0 </list>
        <conflicts> 1..5 7..599 </conflicts>
      </extension>
      <args> x[0] </args>
      <args> x[1] </args>
      <args> x[4] </args>
      <args> x[5] </args>
    </group>
  </constraints>
</instance>
