<instance format="XCSP3" type="CSP">
  <variables>
    <array id="x" note="x[i] is the target node to which the ith pattern node is mapped" size="[19]"> 0..75 </array>
  </variables>
  <constraints>
    <allDifferent note="ensuring injectivity"> x[] </allDifferent>
    <group note="preserving edges">
      <extension>
        <list> %0 %1 </list>
        <supports> (0,37)(1,31)(3,3)(3,18)(4,3)(4,4)(4,9)(4,11)(4,43)(4,44)(5,5)(5,53)(7,7)(8,10)(8,37)(9,3)(9,9)(9,11)(10,0)(10,10)(10,17)(10,18)(10,20)(10,24)(10,26)(10,27)(10,30)(10,37)(10,41)(10,43)(10,62)(11,3)(11,11)(12,12)(12,13)(12,14)(12,15)(12,16)(12,17)(12,18)(12,19)(12,20)(12,21)(12,22)(12,23)(12,24)(12,25)(12,26)(12,27)(12,28)(12,29)(12,30)(12,31)(12,32)(12,33)(13,34)(13,35)(13,36)(13,37)(13,38)(13,39)(14,14)(16,16)(17,6)(17,17)(18,0)(18,2)(18,4)(18,9)(18,11)(18,13)(18,35)(18,48)(19,6)(19,17)(20,20)(20,51)(21,17)(21,39)(22,20)(22,22)(22,26)(22,29)(22,51)(23,23)(23,27)(24,19)(24,20)(24,29)(24,39)(25,8)(25,25)(25,39)(25,41)(26,20)(26,29)(26,51)(27,26)(28,32)(28,33)(28,39)(29,15)(29,17)(29,20)(29,21)(29,29)(29,33)(29,35)(29,40)(29,51)(30,8)(30,20)(30,27)(30,30)(30,33)(30,45)(31,8)(31,17)(31,21)(31,29)(31,31)(31,34)(32,32)(34,34)(35,20)(35,35)(35,41)(35,56)(35,71)(35,72)(36,8)(36,10)(36,30)(36,36)(36,72)(37,26)(37,27)(37,29)(37,55)(39,14)(39,20)(39,29)(39,34)(39,35)(39,39)(40,41)(40,42)(40,43)(40,44)(40,45)(40,46)(41,29)(41,41)(42,25)(42,42)(43,43)(45,42)(45,44)(47,47)(47,48)(47,49)(47,50)(48,51)(48,52)(48,53)(48,54)(48,55)(48,56)(48,57)(48,58)(48,59)(49,49)(49,60)(49,61)(49,62)(50,48)(50,50)(50,57)(51,15)(51,33)(53,53)(54,54)(54,75)(55,55)(55,75)(56,18)(56,21)(56,32)(56,56)(56,64)(56,72)(57,62)(58,50)(58,58)(58,62)(59,59)(60,38)(60,47)(60,63)(60,64)(62,33)(62,47)(62,48)(62,55)(62,62)(62,64)(62,75)(64,47)(64,49)(64,64)(65,65)(65,66)(65,67)(65,68)(65,69)(65,70)(66,66)(67,69)(68,68)(69,66)(69,70)(70,68)(70,70)(71,1)(71,13)(71,17)(71,18)(71,21)(71,26)(71,27)(71,28)(71,29)(71,32)(71,37)(71,48)(71,56)(71,62)(71,71)(71,72)(71,73)(71,74)(71,75)(73,21)(74,15)(74,23)(74,29)(74,51)(75,47)(75,50)(75,56)(75,58)(75,75) </supports>
      </extension>
      <args> x[3] x[3] </args>
      <args> x[3] x[18] </args>
      <args> x[4] x[3] </args>
      <args> x[4] x[4] </args>
      <args> x[4] x[9] </args>
      <args> x[4] x[11] </args>
      <args> x[5] x[5] </args>
      <args> x[7] x[7] </args>
      <args> x[8] x[10] </args>
      <args> x[9] x[3] </args>
      <args> x[9] x[9] </args>
      <args> x[9] x[11] </args>
      <args> x[10] x[0] </args>
      <args> x[10] x[10] </args>
      <args> x[10] x[17] </args>
      <args> x[10] x[18] </args>
      <args> x[11] x[3] </args>
      <args> x[11] x[11] </args>
      <args> x[12] x[12] </args>
      <args> x[12] x[13] </args>
      <args> x[12] x[14] </args>
      <args> x[12] x[15] </args>
      <args> x[12] x[16] </args>
      <args> x[12] x[17] </args>
      <args> x[12] x[18] </args>
      <args> x[14] x[14] </args>
      <args> x[16] x[16] </args>
      <args> x[17] x[6] </args>
      <args> x[17] x[17] </args>
      <args> x[18] x[0] </args>
      <args> x[18] x[2] </args>
      <args> x[18] x[4] </args>
      <args> x[18] x[9] </args>
      <args> x[18] x[11] </args>
      <args> x[18] x[13] </args>
    </group>
    <group note="being careful of self-loops">
      <extension>
        <list> %0 </list>
        <supports> 3..5 7 9..12 14 16 17 20 22 23 25 29..32 34..36 39 41..43 47 49 50 53..56 58 59 62 64..66 68 70 71 75 </supports>
      </extension>
      <args> x[3] </args>
      <args> x[4] </args>
      <args> x[5] </args>
      <args> x[7] </args>
      <args> x[9] </args>
      <args> x[10] </args>
      <args> x[11] </args>
      <args> x[12] </args>
      <args> x[14] </args>
      <args> x[16] </args>
      <args> x[17] </args>
    </group>
    <block class="redundant-constraints">
      <group>
        <extension>
          <list> %0 </list>
          <conflicts> 2 7 46 52 61 63 </conflicts>
        </extension>
        <args> x[0] </args>
        <args> x[13] </args>
        <args> x[14] </args>
        <args> x[16] </args>
      </group>
      <group>
        <extension>
          <list> %0 </list>
          <conflicts> 0..2 5..7 14..16 19 23 34 38 42..46 52..54 57 59 61 63 66..70 72 73 </conflicts>
        </extension>
        <args> x[3] </args>
        <args> x[4] </args>
        <args> x[9] </args>
        <args> x[10] </args>
        <args> x[11] </args>
      </group>
      <extension>
        <list> x[12] </list>
        <conflicts> 0..3 5..9 11 14..16 19 22..25 28 32..34 36 38 41..46 49 50 52..55 57..61 63..70 72..74 </conflicts>
      </extension>
      <extension>
        <list> x[17] </list>
        <conflicts> 0..2 5..7 14 16 38 44 46 52..54 57 59 61 63 66..68 73 </conflicts>
      </extension>
      <extension>
        <list> x[18] </list>
        <conflicts> 0..9 11 14..16 19 21..25 27 28 31..34 36 38 40..47 49..55 57..61 63..70 72..74 </conflicts>
      </extension>
    </block>
  </constraints>
</instance>
