<instance format="XCSP3" type="CSP">
  <variables>
    <array id="x" note="x[i] is the target node to which the ith pattern node is mapped" size="[22]"> 0..90 </array>
  </variables>
  <constraints>
    <allDifferent note="ensuring injectivity"> x[] </allDifferent>
    <group note="preserving edges">
      <extension>
        <list> %0 %1 </list>
        <supports> (0,49)(0,58)(0,63)(0,88)(1,38)(2,32)(2,80)(4,4)(4,19)(5,4)(5,5)(5,10)(5,12)(5,44)(5,45)(6,6)(6,54)(8,8)(9,11)(9,38)(9,79)(9,81)(10,4)(10,10)(10,12)(10,84)(11,1)(11,11)(11,18)(11,19)(11,21)(11,25)(11,27)(11,28)(11,31)(11,38)(11,42)(11,44)(11,63)(11,78)(11,84)(11,86)(11,89)(12,4)(12,12)(12,84)(13,13)(13,14)(13,15)(13,16)(13,17)(13,18)(13,19)(13,20)(13,21)(13,22)(13,23)(13,24)(13,25)(13,26)(13,27)(13,28)(13,29)(13,30)(13,31)(13,32)(13,33)(13,34)(14,35)(14,36)(14,37)(14,38)(14,39)(14,40)(15,15)(17,17)(18,7)(18,18)(19,0)(19,1)(19,3)(19,5)(19,10)(19,12)(19,14)(19,36)(19,49)(19,88)(20,7)(20,18)(21,21)(21,52)(22,18)(22,40)(23,21)(23,23)(23,27)(23,30)(23,52)(24,24)(24,28)(25,20)(25,21)(25,30)(25,40)(26,9)(26,26)(26,40)(26,42)(26,79)(27,21)(27,30)(27,52)(27,86)(28,27)(29,33)(29,34)(29,40)(30,16)(30,18)(30,21)(30,22)(30,30)(30,34)(30,36)(30,41)(30,52)(30,90)(31,9)(31,21)(31,28)(31,31)(31,34)(31,46)(31,78)(32,9)(32,18)(32,22)(32,30)(32,32)(32,35)(33,33)(35,35)(36,21)(36,36)(36,42)(36,57)(36,72)(36,73)(37,9)(37,11)(37,31)(37,37)(37,73)(37,88)(38,27)(38,28)(38,30)(38,56)(40,15)(40,21)(40,30)(40,35)(40,36)(40,40)(40,89)(41,42)(41,43)(41,44)(41,45)(41,46)(41,47)(42,30)(42,42)(43,26)(43,43)(44,44)(46,43)(46,45)(48,48)(48,49)(48,50)(48,51)(49,52)(49,53)(49,54)(49,55)(49,56)(49,57)(49,58)(49,59)(49,60)(50,50)(50,61)(50,62)(50,63)(51,49)(51,51)(51,58)(52,16)(52,34)(54,54)(55,55)(55,76)(56,56)(56,76)(57,19)(57,22)(57,33)(57,57)(57,65)(57,73)(57,80)(57,84)(57,86)(57,88)(57,89)(57,90)(58,63)(59,51)(59,59)(59,63)(60,60)(60,87)(61,39)(61,48)(61,64)(61,65)(62,84)(62,89)(63,34)(63,48)(63,49)(63,56)(63,63)(63,65)(63,76)(65,48)(65,50)(65,65)(66,66)(66,67)(66,68)(66,69)(66,70)(66,71)(67,67)(68,70)(69,69)(70,67)(70,71)(71,69)(71,71)(72,0)(72,2)(72,14)(72,18)(72,19)(72,22)(72,27)(72,28)(72,29)(72,30)(72,33)(72,38)(72,49)(72,57)(72,63)(72,72)(72,73)(72,74)(72,75)(72,76)(72,77)(72,78)(72,79)(72,80)(72,81)(72,82)(72,83)(72,84)(72,85)(72,86)(72,87)(72,88)(72,89)(72,90)(74,22)(74,81)(75,16)(75,24)(75,30)(75,52)(75,83)(75,90)(76,48)(76,51)(76,57)(76,59)(76,76)(76,80)(77,11)(77,22)(77,37)(77,48)(77,65)(77,77)(78,0)(78,1)(78,3)(78,4)(78,5)(78,19)(78,36)(78,49)(78,63)(78,88)(79,79)(79,90)(80,14)(80,15)(81,11)(81,35)(81,81)(82,82)(83,83)(84,4)(85,85)(86,86)(87,18)(88,4)(88,10)(88,11)(88,28)(88,62)(88,88)(89,4)(89,10)(89,89)(90,16)(90,29)(90,52)(90,83)(90,90) </supports>
      </extension>
      <args> x[4] x[4] </args>
      <args> x[4] x[19] </args>
      <args> x[5] x[4] </args>
      <args> x[5] x[5] </args>
      <args> x[5] x[10] </args>
      <args> x[5] x[12] </args>
      <args> x[6] x[6] </args>
      <args> x[8] x[8] </args>
      <args> x[9] x[11] </args>
      <args> x[10] x[4] </args>
      <args> x[10] x[10] </args>
      <args> x[10] x[12] </args>
      <args> x[11] x[1] </args>
      <args> x[11] x[11] </args>
      <args> x[11] x[18] </args>
      <args> x[11] x[19] </args>
      <args> x[11] x[21] </args>
      <args> x[12] x[4] </args>
      <args> x[12] x[12] </args>
      <args> x[13] x[13] </args>
      <args> x[13] x[14] </args>
      <args> x[13] x[15] </args>
      <args> x[13] x[16] </args>
      <args> x[13] x[17] </args>
      <args> x[13] x[18] </args>
      <args> x[13] x[19] </args>
      <args> x[13] x[20] </args>
      <args> x[13] x[21] </args>
      <args> x[15] x[15] </args>
      <args> x[17] x[17] </args>
      <args> x[18] x[7] </args>
      <args> x[18] x[18] </args>
      <args> x[19] x[0] </args>
      <args> x[19] x[1] </args>
      <args> x[19] x[3] </args>
      <args> x[19] x[5] </args>
      <args> x[19] x[10] </args>
      <args> x[19] x[12] </args>
      <args> x[19] x[14] </args>
      <args> x[20] x[7] </args>
      <args> x[20] x[18] </args>
      <args> x[21] x[21] </args>
    </group>
    <group note="being careful of self-loops">
      <extension>
        <list> %0 </list>
        <supports> 4..6 8 10..13 15 17 18 21 23 24 26 30..33 35..37 40 42..44 48 50 51 54..57 59 60 63 65..67 69 71 72 76 77 79 81..83 85 86 88..90 </supports>
      </extension>
      <args> x[4] </args>
      <args> x[5] </args>
      <args> x[6] </args>
      <args> x[8] </args>
      <args> x[10] </args>
      <args> x[11] </args>
      <args> x[12] </args>
      <args> x[13] </args>
      <args> x[15] </args>
      <args> x[17] </args>
      <args> x[18] </args>
      <args> x[21] </args>
    </group>
    <block class="redundant-constraints">
      <group>
        <extension>
          <list> %0 </list>
          <conflicts> 8 47 53 64 </conflicts>
        </extension>
        <args> x[1] </args>
        <args> x[7] </args>
        <args> x[14] </args>
        <args> x[15] </args>
        <args> x[17] </args>
      </group>
      <group>
        <extension>
          <list> %0 </list>
          <conflicts> 1..3 6..8 15 17 20 24 39 43..47 53..55 58 60 62 64 67..71 73 74 82 83 85 87 </conflicts>
        </extension>
        <args> x[4] </args>
        <args> x[5] </args>
        <args> x[10] </args>
        <args> x[12] </args>
        <args> x[18] </args>
      </group>
      <extension>
        <list> x[11] </list>
        <conflicts> 1..3 6..8 15..17 20 24 33 35 39 43..47 53..56 58..62 64 67..71 73 74 79 82 83 85..87 </conflicts>
      </extension>
      <extension>
        <list> x[13] </list>
        <conflicts> 0..3 5..10 12 15..17 20 23..26 28 29 32..35 37 39 41..47 50 51 53..56 58..62 64..71 73..75 77 79..87 89 </conflicts>
      </extension>
      <extension>
        <list> x[19] </list>
        <conflicts> 0..10 12 15..17 20 22..26 28 29 32..35 37..39 41..48 50..56 58..62 64..71 73..75 77 79..87 89 </conflicts>
      </extension>
      <group>
        <extension>
          <list> %0 </list>
          <conflicts> 3 6..8 17 39 47 53 64 68 82 85 </conflicts>
        </extension>
        <args> x[20] </args>
        <args> x[21] </args>
      </group>
    </block>
  </constraints>
</instance>
