<instance format="XCSP3" type="CSP">
  <variables>
    <array id="x" note="x[i] is the target node to which the ith pattern node is mapped" size="[15]"> 0..60 </array>
  </variables>
  <constraints>
    <allDifferent note="ensuring injectivity"> x[] </allDifferent>
    <group note="preserving edges">
      <extension>
        <list> %0 %1 </list>
        <supports> (0,30)(2,2)(2,17)(3,2)(3,3)(3,8)(3,10)(3,42)(3,43)(4,4)(4,52)(6,6)(7,9)(7,36)(8,2)(8,8)(8,10)(9,9)(9,16)(9,17)(9,19)(9,23)(9,25)(9,26)(9,29)(9,36)(9,40)(9,42)(10,2)(10,10)(11,11)(11,12)(11,13)(11,14)(11,15)(11,16)(11,17)(11,18)(11,19)(11,20)(11,21)(11,22)(11,23)(11,24)(11,25)(11,26)(11,27)(11,28)(11,29)(11,30)(11,31)(11,32)(12,33)(12,34)(12,35)(12,36)(12,37)(12,38)(13,13)(15,15)(16,5)(16,16)(17,1)(17,3)(17,8)(17,10)(17,12)(17,34)(17,47)(18,5)(18,16)(19,19)(19,50)(20,16)(20,38)(21,19)(21,21)(21,25)(21,28)(21,50)(22,22)(22,26)(23,18)(23,19)(23,28)(23,38)(24,7)(24,24)(24,38)(24,40)(25,19)(25,28)(25,50)(26,25)(27,31)(27,32)(27,38)(28,14)(28,16)(28,19)(28,20)(28,28)(28,32)(28,34)(28,39)(28,50)(29,7)(29,19)(29,26)(29,29)(29,32)(29,44)(30,7)(30,16)(30,20)(30,28)(30,30)(30,33)(31,31)(33,33)(34,19)(34,34)(34,40)(34,55)(35,7)(35,9)(35,29)(35,35)(36,25)(36,26)(36,28)(36,54)(38,13)(38,19)(38,28)(38,33)(38,34)(38,38)(39,40)(39,41)(39,42)(39,43)(39,44)(39,45)(40,28)(40,40)(41,24)(41,41)(42,42)(44,41)(44,43)(46,46)(46,47)(46,48)(46,49)(47,50)(47,51)(47,52)(47,53)(47,54)(47,55)(47,56)(47,57)(47,58)(48,48)(48,59)(48,60)(49,47)(49,49)(49,56)(50,14)(50,32)(52,52)(53,53)(54,54)(55,17)(55,20)(55,31)(55,55)(57,49)(57,57)(58,58)(59,37)(59,46) </supports>
      </extension>
      <args> x[2] x[2] </args>
      <args> x[3] x[2] </args>
      <args> x[3] x[3] </args>
      <args> x[3] x[8] </args>
      <args> x[3] x[10] </args>
      <args> x[4] x[4] </args>
      <args> x[6] x[6] </args>
      <args> x[7] x[9] </args>
      <args> x[8] x[2] </args>
      <args> x[8] x[8] </args>
      <args> x[8] x[10] </args>
      <args> x[9] x[9] </args>
      <args> x[10] x[2] </args>
      <args> x[10] x[10] </args>
      <args> x[11] x[11] </args>
      <args> x[11] x[12] </args>
      <args> x[11] x[13] </args>
      <args> x[11] x[14] </args>
      <args> x[13] x[13] </args>
    </group>
    <group note="being careful of self-loops">
      <extension>
        <list> %0 </list>
        <supports> 2..4 6 8..11 13 15 16 19 21 22 24 28..31 33..35 38 40..42 46 48 49 52..55 57 58 </supports>
      </extension>
      <args> x[2] </args>
      <args> x[3] </args>
      <args> x[4] </args>
      <args> x[6] </args>
      <args> x[8] </args>
      <args> x[9] </args>
      <args> x[10] </args>
      <args> x[11] </args>
      <args> x[13] </args>
    </group>
    <block class="redundant-constraints">
      <group>
        <extension>
          <list> %0 </list>
          <conflicts> 0 1 4..6 13..15 22 37 43 45 51..54 56..60 </conflicts>
        </extension>
        <args> x[2] </args>
        <args> x[3] </args>
        <args> x[8] </args>
        <args> x[10] </args>
        <args> x[11] </args>
      </group>
      <group>
        <extension>
          <list> %0 </list>
          <conflicts> 0 1 6 45 51 60 </conflicts>
        </extension>
        <args> x[9] </args>
        <args> x[13] </args>
      </group>
    </block>
  </constraints>
</instance>
