<instance format="XCSP3" type="CSP">
  <variables>
    <array id="x" note="x[i] is the target node to which the ith pattern node is mapped" size="[11]"> 0..45 </array>
  </variables>
  <constraints>
    <allDifferent note="ensuring injectivity"> x[] </allDifferent>
    <group note="preserving edges">
      <extension>
        <list> %0 %1 </list>
        <supports> (1,1)(1,16)(2,1)(2,2)(2,7)(2,9)(2,41)(2,42)(3,3)(5,5)(6,8)(6,35)(7,1)(7,7)(7,9)(8,8)(8,15)(8,16)(8,18)(8,22)(8,24)(8,25)(8,28)(8,35)(8,39)(8,41)(9,1)(9,9)(10,10)(10,11)(10,12)(10,13)(10,14)(10,15)(10,16)(10,17)(10,18)(10,19)(10,20)(10,21)(10,22)(10,23)(10,24)(10,25)(10,26)(10,27)(10,28)(10,29)(10,30)(10,31)(11,32)(11,33)(11,34)(11,35)(11,36)(11,37)(12,12)(14,14)(15,4)(15,15)(16,0)(16,2)(16,7)(16,9)(16,11)(16,33)(17,4)(17,15)(18,18)(19,15)(19,37)(20,18)(20,20)(20,24)(20,27)(21,21)(21,25)(22,17)(22,18)(22,27)(22,37)(23,6)(23,23)(23,37)(23,39)(24,18)(24,27)(25,24)(26,30)(26,31)(26,37)(27,13)(27,15)(27,18)(27,19)(27,27)(27,31)(27,33)(27,38)(28,6)(28,18)(28,25)(28,28)(28,31)(28,43)(29,6)(29,15)(29,19)(29,27)(29,29)(29,32)(30,30)(32,32)(33,18)(33,33)(33,39)(34,6)(34,8)(34,28)(34,34)(35,24)(35,25)(35,27)(37,12)(37,18)(37,27)(37,32)(37,33)(37,37)(38,39)(38,40)(38,41)(38,42)(38,43)(38,44)(39,27)(39,39)(40,23)(40,40)(41,41)(43,40)(43,42)(45,45) </supports>
      </extension>
      <args> x[1] x[1] </args>
      <args> x[2] x[1] </args>
      <args> x[2] x[2] </args>
      <args> x[2] x[7] </args>
      <args> x[2] x[9] </args>
      <args> x[3] x[3] </args>
      <args> x[5] x[5] </args>
      <args> x[6] x[8] </args>
      <args> x[7] x[1] </args>
      <args> x[7] x[7] </args>
      <args> x[7] x[9] </args>
      <args> x[8] x[8] </args>
      <args> x[9] x[1] </args>
      <args> x[9] x[9] </args>
      <args> x[10] x[10] </args>
    </group>
    <group note="being careful of self-loops">
      <extension>
        <list> %0 </list>
        <supports> 1..3 5 7..10 12 14 15 18 20 21 23 27..30 32..34 37 39..41 45 </supports>
      </extension>
      <args> x[1] </args>
      <args> x[2] </args>
      <args> x[3] </args>
      <args> x[5] </args>
      <args> x[7] </args>
      <args> x[8] </args>
      <args> x[9] </args>
      <args> x[10] </args>
    </group>
    <block class="redundant-constraints">
      <group>
        <extension>
          <list> %0 </list>
          <conflicts> 0 3..5 12..14 21 30 36 42 44 45 </conflicts>
        </extension>
        <args> x[1] </args>
        <args> x[2] </args>
        <args> x[7] </args>
        <args> x[9] </args>
      </group>
      <extension>
        <list> x[8] </list>
        <conflicts> 0 3 5 36 44 45 </conflicts>
      </extension>
    </block>
  </constraints>
</instance>
