<instance format="XCSP3" type="CSP">
  <variables>
    <array id="x" note="x[i] is the target node to which the ith pattern node is mapped" size="[12]"> 0..50 </array>
  </variables>
  <constraints>
    <allDifferent note="ensuring injectivity"> x[] </allDifferent>
    <group note="preserving edges">
      <extension>
        <list> %0 %1 </list>
        <supports> (0,4)(0,7)(1,1)(3,46)(5,7)(5,21)(7,4)(7,7)(7,12)(7,28)(7,41)(7,46)(8,8)(8,47)(9,17)(9,46)(10,11)(11,7)(11,11)(11,26)(11,47)(12,0)(12,4)(12,5)(13,50)(14,44)(16,16)(16,31)(17,16)(17,17)(17,22)(17,24)(18,18)(20,20)(21,1)(21,23)(21,50)(22,16)(22,22)(22,24)(23,1)(23,7)(23,8)(23,9)(23,10)(23,13)(23,23)(23,30)(23,31)(23,33)(23,37)(23,39)(23,40)(23,43)(23,50)(24,16)(24,24)(25,25)(25,26)(25,27)(25,28)(25,29)(25,30)(25,31)(25,32)(25,33)(25,34)(25,35)(25,36)(25,37)(25,38)(25,39)(25,40)(25,41)(25,42)(25,43)(25,44)(25,45)(25,46)(26,47)(26,48)(26,49)(26,50)(27,27)(29,29)(30,19)(30,30)(31,0)(31,4)(31,5)(31,7)(31,8)(31,9)(31,10)(31,12)(31,13)(31,15)(31,17)(31,22)(31,24)(31,26)(31,48)(32,19)(32,30)(33,33)(34,30)(35,33)(35,35)(35,39)(35,42)(36,36)(36,40)(37,32)(37,33)(37,42)(38,21)(38,38)(39,33)(39,42)(40,39)(41,45)(41,46)(42,28)(42,30)(42,33)(42,34)(42,42)(42,46)(42,48)(43,21)(43,33)(43,40)(43,43)(43,46)(44,21)(44,30)(44,34)(44,42)(44,44)(44,47)(45,45)(47,47)(48,33)(48,48)(49,3)(49,21)(49,23)(49,43)(49,49)(50,39)(50,40)(50,42) </supports>
      </extension>
      <args> x[0] x[4] </args>
      <args> x[0] x[7] </args>
      <args> x[1] x[1] </args>
      <args> x[5] x[7] </args>
      <args> x[7] x[4] </args>
      <args> x[7] x[7] </args>
      <args> x[8] x[8] </args>
      <args> x[10] x[11] </args>
      <args> x[11] x[7] </args>
      <args> x[11] x[11] </args>
    </group>
    <group note="being careful of self-loops">
      <extension>
        <list> %0 </list>
        <supports> 1 7 8 11 16..18 20 22..25 27 29 30 33 35 36 38 42..45 47..49 </supports>
      </extension>
      <args> x[1] </args>
      <args> x[7] </args>
      <args> x[8] </args>
      <args> x[11] </args>
    </group>
    <block class="redundant-constraints">
      <group>
        <extension>
          <list> %0 </list>
          <conflicts> 2 6 14 15 18 20 </conflicts>
        </extension>
        <args> x[0] </args>
        <args> x[4] </args>
      </group>
      <group>
        <extension>
          <list> %0 </list>
          <conflicts> 2 6 </conflicts>
        </extension>
        <args> x[1] </args>
        <args> x[5] </args>
        <args> x[8] </args>
        <args> x[10] </args>
      </group>
      <extension>
        <list> x[7] </list>
        <conflicts> 0..6 8..10 13..15 18..20 27..29 32 34 36 38 41 45 </conflicts>
      </extension>
      <extension>
        <list> x[11] </list>
        <conflicts> 2 3 6 14 15 18..20 27 29 </conflicts>
      </extension>
    </block>
  </constraints>
</instance>
