<instance format="XCSP3" type="CSP">
  <variables>
    <array id="x" note="x[i] is the target node to which the ith pattern node is mapped" size="[17]"> 0..70 </array>
  </variables>
  <constraints>
    <allDifferent note="ensuring injectivity"> x[] </allDifferent>
    <group note="preserving edges">
      <extension>
        <list> %0 %1 </list>
        <supports> (0,0)(1,5)(1,8)(1,62)(2,2)(4,47)(5,61)(5,62)(5,64)(6,8)(6,22)(8,5)(8,8)(8,13)(8,29)(8,42)(8,47)(8,62)(9,9)(9,48)(9,64)(10,18)(10,47)(10,55)(10,57)(11,12)(12,8)(12,12)(12,27)(12,48)(13,1)(13,5)(13,6)(13,62)(14,51)(15,45)(17,17)(17,32)(18,17)(18,18)(18,23)(18,25)(18,57)(18,58)(19,19)(19,67)(21,21)(22,2)(22,24)(22,51)(23,17)(23,23)(23,25)(24,2)(24,8)(24,9)(24,10)(24,11)(24,14)(24,24)(24,31)(24,32)(24,34)(24,38)(24,40)(24,41)(24,44)(24,51)(24,55)(24,57)(25,17)(25,25)(26,26)(26,27)(26,28)(26,29)(26,30)(26,31)(26,32)(26,33)(26,34)(26,35)(26,36)(26,37)(26,38)(26,39)(26,40)(26,41)(26,42)(26,43)(26,44)(26,45)(26,46)(26,47)(27,48)(27,49)(27,50)(27,51)(27,52)(27,53)(28,28)(30,30)(31,20)(31,31)(32,0)(32,1)(32,5)(32,6)(32,8)(32,9)(32,10)(32,11)(32,13)(32,14)(32,16)(32,18)(32,23)(32,25)(32,27)(32,49)(32,62)(33,20)(33,31)(34,34)(34,65)(35,31)(35,53)(36,34)(36,36)(36,40)(36,43)(36,65)(37,37)(37,41)(38,33)(38,34)(38,43)(38,53)(39,22)(39,39)(39,53)(39,55)(40,34)(40,43)(40,65)(41,40)(42,46)(42,47)(42,53)(43,29)(43,31)(43,34)(43,35)(43,43)(43,47)(43,49)(43,54)(43,65)(44,22)(44,34)(44,41)(44,44)(44,47)(44,59)(45,22)(45,31)(45,35)(45,43)(45,45)(45,48)(46,46)(48,48)(49,34)(49,49)(49,55)(49,70)(50,4)(50,22)(50,24)(50,44)(50,50)(51,40)(51,41)(51,43)(51,69)(52,12)(53,28)(53,34)(53,43)(53,48)(53,49)(53,53)(54,55)(54,56)(54,57)(54,58)(54,59)(54,60)(55,43)(55,55)(56,39)(56,56)(57,57)(59,56)(59,58)(61,8)(61,61)(61,62)(61,63)(61,64)(62,65)(62,66)(62,67)(62,68)(62,69)(62,70)(63,5)(63,8)(63,63)(64,8)(64,62)(64,64)(65,29)(65,47)(67,67)(68,68)(69,69)(70,0)(70,5)(70,6)(70,8)(70,10)(70,32)(70,35)(70,46)(70,70) </supports>
      </extension>
      <args> x[0] x[0] </args>
      <args> x[1] x[5] </args>
      <args> x[1] x[8] </args>
      <args> x[2] x[2] </args>
      <args> x[6] x[8] </args>
      <args> x[8] x[5] </args>
      <args> x[8] x[8] </args>
      <args> x[8] x[13] </args>
      <args> x[9] x[9] </args>
      <args> x[11] x[12] </args>
      <args> x[12] x[8] </args>
      <args> x[12] x[12] </args>
      <args> x[13] x[1] </args>
      <args> x[13] x[5] </args>
      <args> x[13] x[6] </args>
    </group>
    <group note="being careful of self-loops">
      <extension>
        <list> %0 </list>
        <supports> 0 2 8 9 12 17..19 21 23..26 28 30 31 34 36 37 39 43..46 48..50 53 55..57 61 63 64 67..70 </supports>
      </extension>
      <args> x[0] </args>
      <args> x[2] </args>
      <args> x[8] </args>
      <args> x[9] </args>
      <args> x[12] </args>
    </group>
    <block class="redundant-constraints">
      <group>
        <extension>
          <list> %0 </list>
          <conflicts> 3 7 </conflicts>
        </extension>
        <args> x[0] </args>
        <args> x[2] </args>
        <args> x[9] </args>
        <args> x[11] </args>
      </group>
      <group>
        <extension>
          <list> %0 </list>
          <conflicts> 3 4 7 15 16 19..21 30 52 60 66 68 </conflicts>
        </extension>
        <args> x[1] </args>
        <args> x[5] </args>
        <args> x[12] </args>
      </group>
      <extension>
        <list> x[6] </list>
        <conflicts> 3 7 15 16 21 60 66 </conflicts>
      </extension>
      <extension>
        <list> x[8] </list>
        <conflicts> 0..4 6 7 9 11 14..17 19..21 23 25 28..30 33 37 42 46 52 56..60 63 66..69 </conflicts>
      </extension>
      <extension>
        <list> x[13] </list>
        <conflicts> 0 2..4 7 11 14..16 19..21 28 30 37 52 58 60 66..69 </conflicts>
      </extension>
    </block>
  </constraints>
</instance>
