<instance format="XCSP3" type="CSP">
  <variables>
    <array id="x" note="x[i] is the target node to which the ith pattern node is mapped" size="[7]"> 0..30 </array>
  </variables>
  <constraints>
    <allDifferent note="ensuring injectivity"> x[] </allDifferent>
    <group note="preserving edges">
      <extension>
        <list> %0 %1 </list>
        <supports> (0,0)(0,1)(0,6)(0,8)(0,15)(1,0)(1,1)(1,6)(1,8)(1,15)(2,2)(3,14)(3,16)(4,4)(5,7)(5,22)(5,27)(5,28)(6,0)(6,1)(6,6)(6,8)(6,15)(7,5)(7,7)(7,14)(7,15)(7,17)(7,21)(7,23)(7,24)(7,27)(8,0)(8,1)(8,6)(8,8)(8,15)(9,9)(9,10)(9,11)(9,12)(9,13)(9,14)(9,15)(9,16)(9,17)(9,18)(9,19)(9,20)(9,21)(9,22)(9,23)(9,24)(9,25)(9,26)(9,27)(9,28)(9,29)(9,30)(10,9)(10,15)(11,9)(11,11)(12,9)(12,26)(13,9)(13,13)(14,3)(14,7)(14,9)(14,14)(14,16)(14,18)(14,26)(14,28)(15,0)(15,1)(15,6)(15,7)(15,8)(15,9)(15,10)(16,3)(16,9)(16,14)(16,21)(17,7)(17,9)(17,17)(17,19)(17,21)(17,23)(17,26)(17,27)(18,9)(18,14)(18,26)(18,28)(19,9)(19,17)(19,19)(19,23)(19,26)(20,9)(20,20)(20,24)(21,7)(21,9)(21,16)(21,17)(21,26)(22,5)(22,9)(22,22)(23,7)(23,9)(23,17)(23,19)(23,24)(23,26)(24,7)(24,9)(24,20)(24,23)(24,27)(25,9)(25,29)(25,30)(26,9)(26,12)(26,14)(26,17)(26,18)(26,19)(26,21)(26,23)(26,26)(26,28)(26,30)(27,5)(27,7)(27,9)(27,17)(27,24)(27,27)(27,30)(28,5)(28,9)(28,14)(28,18)(28,26)(28,28)(29,9)(29,25)(29,29)(30,9)(30,25)(30,26)(30,27) </supports>
      </extension>
      <args> x[0] x[0] </args>
      <args> x[1] x[0] </args>
      <args> x[1] x[1] </args>
      <args> x[1] x[6] </args>
      <args> x[2] x[2] </args>
      <args> x[4] x[4] </args>
      <args> x[6] x[0] </args>
      <args> x[6] x[6] </args>
    </group>
    <group note="being careful of self-loops">
      <extension>
        <list> %0 </list>
        <supports> 0..2 4 6..9 11 13 14 17 19 20 22 26..29 </supports>
      </extension>
      <args> x[0] </args>
      <args> x[1] </args>
      <args> x[2] </args>
      <args> x[4] </args>
      <args> x[6] </args>
    </group>
    <group class="redundant-constraints">
      <extension>
        <list> %0 </list>
        <conflicts> 2..4 10..13 </conflicts>
      </extension>
      <args> x[0] </args>
      <args> x[1] </args>
      <args> x[6] </args>
    </group>
  </constraints>
</instance>
