<instance format="XCSP3" type="CSP">
  <variables>
    <array id="x" note="x[i] is the target node to which the ith pattern node is mapped" size="[19]"> 0..75 </array>
  </variables>
  <constraints>
    <allDifferent note="ensuring injectivity"> x[] </allDifferent>
    <group note="preserving edges">
      <extension>
        <list> %0 %1 </list>
        <supports> (0,10)(0,18)(0,37)(1,31)(1,71)(2,18)(3,3)(3,4)(3,9)(3,11)(3,18)(4,3)(4,4)(4,9)(4,11)(4,18)(4,43)(4,44)(5,5)(5,53)(6,17)(6,19)(7,7)(8,10)(8,25)(8,30)(8,31)(8,36)(8,37)(9,3)(9,4)(9,9)(9,11)(9,18)(10,0)(10,8)(10,10)(10,17)(10,18)(10,20)(10,24)(10,26)(10,27)(10,30)(10,36)(10,37)(10,41)(10,43)(10,62)(11,3)(11,4)(11,9)(11,11)(11,18)(12,12)(12,13)(12,14)(12,15)(12,16)(12,17)(12,18)(12,19)(12,20)(12,21)(12,22)(12,23)(12,24)(12,25)(12,26)(12,27)(12,28)(12,29)(12,30)(12,31)(12,32)(12,33)(13,12)(13,18)(13,34)(13,35)(13,36)(13,37)(13,38)(13,39)(13,71)(14,12)(14,14)(14,39)(15,12)(15,29)(15,51)(15,74)(16,12)(16,16)(17,6)(17,10)(17,12)(17,17)(17,19)(17,21)(17,29)(17,31)(17,71)(18,0)(18,2)(18,3)(18,4)(18,9)(18,10)(18,11)(18,12)(18,13)(18,35)(18,48)(18,56)(18,71)(19,6)(19,12)(19,17)(19,24)(20,10)(20,12)(20,20)(20,22)(20,24)(20,26)(20,29)(20,30)(20,35)(20,39)(20,51)(21,12)(21,17)(21,29)(21,31)(21,39)(21,56)(21,71)(21,73)(22,12)(22,20)(22,22)(22,26)(22,29)(22,51)(23,12)(23,23)(23,27)(23,74)(24,10)(24,12)(24,19)(24,20)(24,29)(24,39)(25,8)(25,12)(25,25)(25,39)(25,41)(25,42)(26,10)(26,12)(26,20)(26,22)(26,27)(26,29)(26,37)(26,51)(26,71)(27,10)(27,12)(27,23)(27,26)(27,30)(27,37)(27,71)(28,12)(28,32)(28,33)(28,39)(28,71)(29,12)(29,15)(29,17)(29,20)(29,21)(29,22)(29,24)(29,26)(29,29)(29,31)(29,33)(29,35)(29,37)(29,39)(29,40)(29,41)(29,51)(29,71)(29,74)(30,8)(30,10)(30,12)(30,20)(30,27)(30,30)(30,33)(30,36)(30,45)(31,1)(31,8)(31,12)(31,17)(31,21)(31,29)(31,31)(31,34)(32,12)(32,28)(32,32)(32,56)(32,71)(33,12)(33,28)(33,29)(33,30)(33,51)(33,62)(34,13)(34,31)(34,34)(34,39)(35,13)(35,18)(35,20)(35,29)(35,35)(35,39)(35,41)(35,56)(35,71)(35,72)(36,8)(36,10)(36,13)(36,30)(36,36)(36,72)(37,0)(37,8)(37,10)(37,13)(37,26)(37,27)(37,29)(37,55)(37,71)(38,13)(38,60)(39,13)(39,14)(39,20)(39,21)(39,24)(39,25)(39,28)(39,29)(39,34)(39,35)(39,39)(40,29)(40,41)(40,42)(40,43)(40,44)(40,45)(40,46)(41,10)(41,25)(41,29)(41,35)(41,40)(41,41)(42,25)(42,40)(42,42)(42,45)(43,4)(43,10)(43,40)(43,43)(44,4)(44,40)(44,45)(45,30)(45,40)(45,42)(45,44)(46,40)(47,47)(47,48)(47,49)(47,50)(47,60)(47,62)(47,64)(47,75)(48,18)(48,47)(48,50)(48,51)(48,52)(48,53)(48,54)(48,55)(48,56)(48,57)(48,58)(48,59)(48,62)(48,71)(49,47)(49,49)(49,60)(49,61)(49,62)(49,64)(50,47)(50,48)(50,50)(50,57)(50,58)(50,75)(51,15)(51,20)(51,22)(51,26)(51,29)(51,33)(51,48)(51,74)(52,48)(53,5)(53,48)(53,53)(54,48)(54,54)(54,75)(55,37)(55,48)(55,55)(55,62)(55,75)(56,18)(56,21)(56,32)(56,35)(56,48)(56,56)(56,64)(56,71)(56,72)(56,75)(57,48)(57,50)(57,62)(58,48)(58,50)(58,58)(58,62)(58,75)(59,48)(59,59)(60,38)(60,47)(60,49)(60,63)(60,64)(61,49)(62,10)(62,33)(62,47)(62,48)(62,49)(62,55)(62,57)(62,58)(62,62)(62,64)(62,71)(62,75)(63,60)(64,47)(64,49)(64,56)(64,60)(64,62)(64,64)(65,65)(65,66)(65,67)(65,68)(65,69)(65,70)(66,65)(66,66)(66,69)(67,65)(67,69)(68,65)(68,68)(68,70)(69,65)(69,66)(69,67)(69,70)(70,65)(70,68)(70,69)(70,70)(71,1)(71,13)(71,17)(71,18)(71,21)(71,26)(71,27)(71,28)(71,29)(71,32)(71,35)(71,37)(71,48)(71,56)(71,62)(71,71)(71,72)(71,73)(71,74)(71,75)(72,35)(72,36)(72,56)(72,71)(73,21)(73,71)(74,15)(74,23)(74,29)(74,51)(74,71)(75,47)(75,50)(75,54)(75,55)(75,56)(75,58)(75,62)(75,71)(75,75) </supports>
      </extension>
      <args> x[3] x[3] </args>
      <args> x[3] x[18] </args>
      <args> x[4] x[3] </args>
      <args> x[4] x[4] </args>
      <args> x[4] x[9] </args>
      <args> x[4] x[11] </args>
      <args> x[5] x[5] </args>
      <args> x[7] x[7] </args>
      <args> x[8] x[10] </args>
      <args> x[9] x[3] </args>
      <args> x[9] x[9] </args>
      <args> x[9] x[11] </args>
      <args> x[10] x[0] </args>
      <args> x[10] x[10] </args>
      <args> x[10] x[17] </args>
      <args> x[10] x[18] </args>
      <args> x[11] x[3] </args>
      <args> x[11] x[11] </args>
      <args> x[12] x[12] </args>
      <args> x[12] x[13] </args>
      <args> x[12] x[14] </args>
      <args> x[12] x[15] </args>
      <args> x[12] x[16] </args>
      <args> x[12] x[17] </args>
      <args> x[12] x[18] </args>
      <args> x[14] x[14] </args>
      <args> x[16] x[16] </args>
      <args> x[17] x[6] </args>
      <args> x[17] x[17] </args>
      <args> x[18] x[0] </args>
      <args> x[18] x[2] </args>
      <args> x[18] x[4] </args>
      <args> x[18] x[9] </args>
      <args> x[18] x[11] </args>
      <args> x[18] x[13] </args>
    </group>
    <group note="being careful of self-loops">
      <extension>
        <list> %0 </list>
        <supports> 3..5 7 9..12 14 16 17 20 22 23 25 29..32 34..36 39 41..43 47 49 50 53..56 58 59 62 64..66 68 70 71 75 </supports>
      </extension>
      <args> x[3] </args>
      <args> x[4] </args>
      <args> x[5] </args>
      <args> x[7] </args>
      <args> x[9] </args>
      <args> x[10] </args>
      <args> x[11] </args>
      <args> x[12] </args>
      <args> x[14] </args>
      <args> x[16] </args>
      <args> x[17] </args>
    </group>
    <block class="redundant-constraints">
      <group>
        <extension>
          <list> %0 </list>
          <conflicts> 2 7 46 52 61 63 </conflicts>
        </extension>
        <args> x[0] </args>
        <args> x[13] </args>
        <args> x[14] </args>
        <args> x[16] </args>
      </group>
      <group>
        <extension>
          <list> %0 </list>
          <conflicts> 0..2 5..7 14..16 19 23 34 38 42..46 52..54 57 59 61 63 66..70 72 73 </conflicts>
        </extension>
        <args> x[3] </args>
        <args> x[4] </args>
        <args> x[9] </args>
        <args> x[10] </args>
        <args> x[11] </args>
      </group>
      <extension>
        <list> x[12] </list>
        <conflicts> 0..3 5..9 11 14..16 19 22..25 28 32..34 36 38 41..46 49 50 52..55 57..61 63..70 72..74 </conflicts>
      </extension>
      <extension>
        <list> x[17] </list>
        <conflicts> 0..2 5..7 14 16 38 44 46 52..54 57 59 61 63 66..68 73 </conflicts>
      </extension>
      <extension>
        <list> x[18] </list>
        <conflicts> 0..9 11 14..16 19 21..25 27 28 31..34 36 38 40..47 49..55 57..61 63..70 72..74 </conflicts>
      </extension>
    </block>
  </constraints>
</instance>
