<instance format="XCSP3" type="CSP">
  <variables>
    <array id="x" note="x[i] is the target node to which the ith pattern node is mapped" size="[12]"> 0..50 </array>
  </variables>
  <constraints>
    <allDifferent note="ensuring injectivity"> x[] </allDifferent>
    <group note="preserving edges">
      <extension>
        <list> %0 %1 </list>
        <supports> (0,4)(0,7)(0,12)(0,31)(1,1)(1,21)(1,23)(3,46)(3,49)(4,0)(4,7)(4,12)(4,31)(5,7)(5,12)(5,21)(5,31)(7,0)(7,4)(7,5)(7,7)(7,11)(7,12)(7,23)(7,28)(7,31)(7,41)(7,46)(8,8)(8,23)(8,31)(8,47)(9,17)(9,23)(9,31)(9,46)(10,11)(10,23)(10,31)(11,7)(11,10)(11,11)(11,26)(11,47)(12,0)(12,4)(12,5)(12,7)(12,31)(13,23)(13,31)(13,50)(14,44)(15,31)(16,16)(16,17)(16,22)(16,24)(16,31)(17,9)(17,16)(17,17)(17,22)(17,24)(17,31)(18,18)(19,30)(19,32)(20,20)(21,1)(21,5)(21,23)(21,38)(21,43)(21,44)(21,49)(21,50)(22,16)(22,17)(22,22)(22,24)(22,31)(23,1)(23,7)(23,8)(23,9)(23,10)(23,13)(23,21)(23,23)(23,30)(23,31)(23,33)(23,37)(23,39)(23,40)(23,43)(23,49)(23,50)(24,16)(24,17)(24,22)(24,24)(24,31)(25,25)(25,26)(25,27)(25,28)(25,29)(25,30)(25,31)(25,32)(25,33)(25,34)(25,35)(25,36)(25,37)(25,38)(25,39)(25,40)(25,41)(25,42)(25,43)(25,44)(25,45)(25,46)(26,11)(26,25)(26,31)(26,47)(26,48)(26,49)(26,50)(27,25)(27,27)(28,7)(28,25)(28,42)(29,25)(29,29)(30,19)(30,23)(30,25)(30,30)(30,32)(30,34)(30,42)(30,44)(31,0)(31,4)(31,5)(31,7)(31,8)(31,9)(31,10)(31,12)(31,13)(31,15)(31,16)(31,17)(31,22)(31,23)(31,24)(31,25)(31,26)(31,48)(32,19)(32,25)(32,30)(32,37)(33,23)(33,25)(33,33)(33,35)(33,37)(33,39)(33,42)(33,43)(33,48)(34,25)(34,30)(34,42)(34,44)(35,25)(35,33)(35,35)(35,39)(35,42)(36,25)(36,36)(36,40)(37,23)(37,25)(37,32)(37,33)(37,42)(38,21)(38,25)(38,38)(39,23)(39,25)(39,33)(39,35)(39,40)(39,42)(39,50)(40,23)(40,25)(40,36)(40,39)(40,43)(40,50)(41,7)(41,25)(41,45)(41,46)(42,25)(42,28)(42,30)(42,33)(42,34)(42,35)(42,37)(42,39)(42,42)(42,44)(42,46)(42,48)(42,50)(43,21)(43,23)(43,25)(43,33)(43,40)(43,43)(43,46)(43,49)(44,14)(44,21)(44,25)(44,30)(44,34)(44,42)(44,44)(44,47)(45,25)(45,41)(45,45)(46,3)(46,7)(46,9)(46,25)(46,41)(46,42)(46,43)(47,8)(47,11)(47,26)(47,44)(47,47)(48,26)(48,31)(48,33)(48,42)(48,48)(49,3)(49,21)(49,23)(49,26)(49,43)(49,49)(50,13)(50,21)(50,23)(50,26)(50,39)(50,40)(50,42) </supports>
      </extension>
      <args> x[0] x[4] </args>
      <args> x[0] x[7] </args>
      <args> x[1] x[1] </args>
      <args> x[5] x[7] </args>
      <args> x[7] x[4] </args>
      <args> x[7] x[7] </args>
      <args> x[8] x[8] </args>
      <args> x[10] x[11] </args>
      <args> x[11] x[7] </args>
      <args> x[11] x[11] </args>
    </group>
    <group note="being careful of self-loops">
      <extension>
        <list> %0 </list>
        <supports> 1 7 8 11 16..18 20 22..25 27 29 30 33 35 36 38 42..45 47..49 </supports>
      </extension>
      <args> x[1] </args>
      <args> x[7] </args>
      <args> x[8] </args>
      <args> x[11] </args>
    </group>
    <block class="redundant-constraints">
      <group>
        <extension>
          <list> %0 </list>
          <conflicts> 2 6 14 15 18 20 </conflicts>
        </extension>
        <args> x[0] </args>
        <args> x[4] </args>
      </group>
      <group>
        <extension>
          <list> %0 </list>
          <conflicts> 2 6 </conflicts>
        </extension>
        <args> x[1] </args>
        <args> x[5] </args>
        <args> x[8] </args>
        <args> x[10] </args>
      </group>
      <extension>
        <list> x[7] </list>
        <conflicts> 0..6 8..10 13..15 18..20 27..29 32 34 36 38 41 45 </conflicts>
      </extension>
      <extension>
        <list> x[11] </list>
        <conflicts> 2 3 6 14 15 18..20 27 29 </conflicts>
      </extension>
    </block>
  </constraints>
</instance>
