<instance format="XCSP3" type="CSP">
  <variables>
    <array id="x" note="x[i] is the target node to which the ith pattern node is mapped" size="[4]"> 0..15 </array>
  </variables>
  <constraints>
    <allDifferent note="ensuring injectivity"> x[] </allDifferent>
    <group note="preserving edges">
      <extension>
        <list> %0 %1 </list>
        <supports> (0,0)(0,5)(0,7)(0,14)(1,1)(2,13)(2,15)(3,3)(4,6)(5,0)(5,5)(5,7)(5,14)(6,4)(6,6)(6,13)(6,14)(7,0)(7,5)(7,7)(7,14)(8,8)(8,9)(8,10)(8,11)(8,12)(8,13)(8,14)(8,15)(9,8)(9,14)(10,8)(10,10)(11,8)(12,8)(12,12)(13,2)(13,6)(13,8)(13,13)(13,15)(14,0)(14,5)(14,6)(14,7)(14,8)(14,9)(15,2)(15,8)(15,13) </supports>
      </extension>
      <args> x[0] x[0] </args>
      <args> x[1] x[1] </args>
      <args> x[3] x[3] </args>
    </group>
    <group note="being careful of self-loops">
      <extension>
        <list> %0 </list>
        <supports> 0 1 3 5..8 10 12 13 </supports>
      </extension>
      <args> x[0] </args>
      <args> x[1] </args>
      <args> x[3] </args>
    </group>
  </constraints>
</instance>
